event_date,market,country,venue_id,venue,avg_temp_c,min_temp_c,max_temp_c,avg_rh_pct,avg_wind_mps,total_precip_mm,windy_hours,rainy_hours,freezing_hours,hours_observed
2025-01-01,Boston,US,BOS_01,PWHL Boston Arena,6.72,3.5,9.6,90.96,15.88,14.5,20,17,0,24
2025-01-01,Chicago,US,CHI_01,PWHL Chicago Arena,-1.67,-3.4,0.4,68.79,18.49,0.1,24,1,22,24
2025-01-01,Minneapolis,US,MSP_01,PWHL Minnesota Arena,-6.22,-7.3,-4.9,58.25,16.33,0.0,24,0,24,24
2025-01-01,Montreal,CA,MTL_01,PWHL Montreal Arena,0.46,-0.3,1.2,95.96,11.08,4.8,20,10,3,24
2025-01-01,New York,US,NYC_01,PWHL New York Arena,7.09,3.2,10.8,79.25,15.65,1.1,23,3,0,24
2025-01-01,Ottawa,CA,OTT_01,PWHL Ottawa Arena,0.78,-0.8,1.6,92.54,13.28,6.9,19,16,3,24
2025-01-01,Toronto,CA,TOR_01,PWHL Toronto Arena,1.9,-0.4,3.0,82.5,18.87,1.9,24,10,2,24
2025-01-01,Washington,US,WAS_01,PWHL Washington Arena,6.61,3.5,8.4,65.42,20.34,0.0,24,0,0,24
2025-01-02,Boston,US,BOS_01,PWHL Boston Arena,2.44,0.3,5.0,56.88,25.99,0.3,24,1,0,24
2025-01-02,Chicago,US,CHI_01,PWHL Chicago Arena,-2.79,-4.5,-0.7,63.38,13.06,0.2,24,2,24,24
2025-01-02,Minneapolis,US,MSP_01,PWHL Minnesota Arena,-7.88,-10.9,-5.3,59.25,12.35,0.0,24,0,24,24
2025-01-02,Montreal,CA,MTL_01,PWHL Montreal Arena,-2.19,-4.3,0.6,76.5,23.05,1.7,24,12,22,24
2025-01-02,New York,US,NYC_01,PWHL New York Arena,2.34,0.1,5.3,55.83,18.75,0.0,24,0,0,24
2025-01-02,Ottawa,CA,OTT_01,PWHL Ottawa Arena,-2.47,-4.5,-1.1,76.54,23.48,0.5,24,4,24,24
2025-01-02,Toronto,CA,TOR_01,PWHL Toronto Arena,-0.84,-2.6,0.5,71.75,20.5,0.0,24,0,20,24
2025-01-02,Washington,US,WAS_01,PWHL Washington Arena,1.69,-0.6,4.3,56.38,16.22,0.0,21,0,3,24
2025-01-03,Boston,US,BOS_01,PWHL Boston Arena,0.02,-2.2,2.1,56.38,20.6,0.0,24,0,15,24
2025-01-03,Chicago,US,CHI_01,PWHL Chicago Arena,-5.47,-7.8,-3.7,55.21,17.12,0.0,24,0,24,24
2025-01-03,Minneapolis,US,MSP_01,PWHL Minnesota Arena,-12.5,-14.5,-11.3,60.29,14.82,0.0,24,0,24,24
2025-01-03,Montreal,CA,MTL_01,PWHL Montreal Arena,-6.71,-9.8,-4.7,68.0,17.16,0.6,24,6,24,24
2025-01-03,New York,US,NYC_01,PWHL New York Arena,0.18,-2.0,3.1,59.54,12.54,0.0,23,0,13,24
2025-01-03,Ottawa,CA,OTT_01,PWHL Ottawa Arena,-7.62,-10.7,-5.1,70.62,16.88,0.0,24,0,24,24
2025-01-03,Toronto,CA,TOR_01,PWHL Toronto Arena,-2.72,-5.2,-0.3,65.04,19.28,0.0,24,0,24,24
2025-01-03,Washington,US,WAS_01,PWHL Washington Arena,0.83,-2.2,6.3,65.54,13.93,1.0,19,4,12,24
2025-01-04,Boston,US,BOS_01,PWHL Boston Arena,-2.84,-3.9,-1.4,52.08,17.7,0.0,24,0,24,24
2025-01-04,Chicago,US,CHI_01,PWHL Chicago Arena,-8.33,-11.3,-5.5,48.5,12.59,0.0,24,0,24,24
2025-01-04,Minneapolis,US,MSP_01,PWHL Minnesota Arena,-15.3,-18.5,-12.1,49.17,9.58,0.0,18,0,24,24
2025-01-04,Montreal,CA,MTL_01,PWHL Montreal Arena,-11.1,-12.5,-10.0,68.21,15.48,2.4,24,20,24,24
2025-01-04,New York,US,NYC_01,PWHL New York Arena,-1.6,-3.0,-0.2,50.0,17.0,0.0,24,0,24,24
2025-01-04,Ottawa,CA,OTT_01,PWHL Ottawa Arena,-10.8,-12.7,-9.0,70.0,14.38,1.3,22,13,24,24
2025-01-04,Toronto,CA,TOR_01,PWHL Toronto Arena,-3.97,-4.9,-2.2,65.04,22.05,1.2,24,6,24,24
2025-01-04,Washington,US,WAS_01,PWHL Washington Arena,-2.78,-4.3,-1.6,53.58,20.16,0.0,24,0,24,24
2025-01-05,Boston,US,BOS_01,PWHL Boston Arena,-2.4,-6.5,0.3,51.79,20.02,0.0,24,0,22,24
2025-01-05,Chicago,US,CHI_01,PWHL Chicago Arena,-6.75,-9.4,-2.7,57.08,12.46,0.6,18,4,24,24
2025-01-05,Minneapolis,US,MSP_01,PWHL Minnesota Arena,-14.44,-18.5,-10.4,34.33,12.5,0.0,24,0,24,24
2025-01-05,Montreal,CA,MTL_01,PWHL Montreal Arena,-13.03,-16.1,-10.5,63.08,10.49,0.2,21,2,24,24
2025-01-05,New York,US,NYC_01,PWHL New York Arena,-2.28,-3.7,0.2,52.92,14.03,0.0,24,0,22,24
2025-01-05,Ottawa,CA,OTT_01,PWHL Ottawa Arena,-12.44,-14.8,-10.1,71.25,8.63,0.2,12,2,24,24
2025-01-05,Toronto,CA,TOR_01,PWHL Toronto Arena,-3.72,-5.0,-1.7,69.46,15.05,0.3,20,3,24,24
2025-01-05,Washington,US,WAS_01,PWHL Washington Arena,-2.3,-5.4,0.7,42.75,11.72,0.2,20,1,21,24
2025-01-06,Boston,US,BOS_01,PWHL Boston Arena,-5.6,-8.0,-1.9,44.08,13.0,0.0,24,0,24,24
2025-01-06,Chicago,US,CHI_01,PWHL Chicago Arena,-2.58,-4.9,-1.2,74.54,22.58,3.0,24,12,24,24
2025-01-06,Minneapolis,US,MSP_01,PWHL Minnesota Arena,-12.71,-17.1,-8.6,41.54,7.75,0.0,8,0,24,24
2025-01-06,Montreal,CA,MTL_01,PWHL Montreal Arena,-13.75,-17.3,-11.0,70.46,9.02,0.1,12,1,24,24
2025-01-06,New York,US,NYC_01,PWHL New York Arena,-2.6,-5.9,-1.7,74.0,7.22,1.7,9,6,24,24
2025-01-06,Ottawa,CA,OTT_01,PWHL Ottawa Arena,-13.35,-17.3,-9.8,72.08,9.85,0.0,15,0,24,24
2025-01-06,Toronto,CA,TOR_01,PWHL Toronto Arena,-7.23,-9.5,-3.3,66.42,13.21,0.0,21,0,24,24
2025-01-06,Washington,US,WAS_01,PWHL Washington Arena,-2.71,-3.7,-1.6,87.46,11.13,21.5,18,24,24,24
2025-01-07,Boston,US,BOS_01,PWHL Boston Arena,-6.35,-9.1,-3.7,48.5,22.65,0.0,24,0,24,24
2025-01-07,Chicago,US,CHI_01,PWHL Chicago Arena,-6.52,-8.9,-4.5,60.0,8.55,0.0,15,0,24,24
2025-01-07,Minneapolis,US,MSP_01,PWHL Minnesota Arena,-10.7,-13.5,-6.9,39.46,6.35,0.0,3,0,24,24
2025-01-07,Montreal,CA,MTL_01,PWHL Montreal Arena,-8.78,-10.7,-7.3,75.12,18.33,4.5,24,24,24,24
2025-01-07,New York,US,NYC_01,PWHL New York Arena,-5.23,-8.8,-3.1,62.08,20.24,0.0,24,0,24,24
2025-01-07,Ottawa,CA,OTT_01,PWHL Ottawa Arena,-9.94,-13.0,-8.0,69.25,21.63,0.3,24,3,24,24
2025-01-07,Toronto,CA,TOR_01,PWHL Toronto Arena,-6.3,-8.0,-4.7,71.92,16.05,0.2,24,2,24,24
2025-01-07,Washington,US,WAS_01,PWHL Washington Arena,-3.87,-7.4,-1.2,74.42,21.36,0.0,24,0,24,24
2025-01-08,Boston,US,BOS_01,PWHL Boston Arena,-6.18,-8.6,-3.1,44.83,23.71,0.0,24,0,24,24
2025-01-08,Chicago,US,CHI_01,PWHL Chicago Arena,-7.49,-10.6,-4.4,56.08,8.56,0.0,17,0,24,24
2025-01-08,Minneapolis,US,MSP_01,PWHL Minnesota Arena,-11.09,-15.8,-6.6,59.04,7.83,0.0,7,0,24,24
2025-01-08,Montreal,CA,MTL_01,PWHL Montreal Arena,-13.15,-14.8,-10.9,73.62,20.37,5.2,24,24,24,24
2025-01-08,New York,US,NYC_01,PWHL New York Arena,-4.49,-6.7,-2.6,49.46,19.91,0.0,24,0,24,24
2025-01-08,Ottawa,CA,OTT_01,PWHL Ottawa Arena,-13.82,-15.5,-11.0,69.29,19.04,0.5,24,5,24,24
2025-01-08,Toronto,CA,TOR_01,PWHL Toronto Arena,-9.27,-11.3,-7.1,66.67,14.3,0.3,24,3,24,24
2025-01-08,Washington,US,WAS_01,PWHL Washington Arena,-4.21,-6.4,-2.5,70.88,19.08,0.0,24,0,24,24
2025-01-09,Boston,US,BOS_01,PWHL Boston Arena,-6.25,-8.4,-4.5,51.0,23.3,0.7,24,5,24,24
2025-01-09,Chicago,US,CHI_01,PWHL Chicago Arena,-7.83,-12.0,-4.1,63.25,10.98,0.0,16,0,24,24
2025-01-09,Minneapolis,US,MSP_01,PWHL Minnesota Arena,-6.66,-11.0,-3.8,67.29,8.35,0.5,13,3,24,24
2025-01-09,Montreal,CA,MTL_01,PWHL Montreal Arena,-9.33,-12.3,-5.9,76.21,18.96,3.3,24,14,24,24
2025-01-09,New York,US,NYC_01,PWHL New York Arena,-4.12,-6.9,-1.6,52.83,23.29,0.0,24,0,24,24
2025-01-09,Ottawa,CA,OTT_01,PWHL Ottawa Arena,-10.35,-14.0,-7.1,72.46,18.68,0.0,24,0,24,24
2025-01-09,Toronto,CA,TOR_01,PWHL Toronto Arena,-8.52,-10.1,-6.6,60.79,13.35,0.0,24,0,24,24
2025-01-09,Washington,US,WAS_01,PWHL Washington Arena,-5.76,-8.0,-3.4,65.0,24.35,0.0,24,0,24,24
2025-01-10,Boston,US,BOS_01,PWHL Boston Arena,-1.65,-4.7,2.7,54.12,15.8,0.0,24,0,18,24
2025-01-10,Chicago,US,CHI_01,PWHL Chicago Arena,-3.92,-6.9,-2.3,86.12,11.45,4.0,21,14,24,24
2025-01-10,Minneapolis,US,MSP_01,PWHL Minnesota Arena,-4.27,-6.4,-2.5,82.67,9.67,0.3,16,3,24,24
2025-01-10,Montreal,CA,MTL_01,PWHL Montreal Arena,-9.33,-10.9,-7.9,79.21,13.74,0.0,23,0,24,24
2025-01-10,New York,US,NYC_01,PWHL New York Arena,-0.91,-4.0,3.2,55.88,13.17,0.0,17,0,17,24
2025-01-10,Ottawa,CA,OTT_01,PWHL Ottawa Arena,-10.1,-13.4,-8.3,70.96,8.78,0.0,18,0,24,24
2025-01-10,Toronto,CA,TOR_01,PWHL Toronto Arena,-6.41,-11.3,-1.9,70.58,7.25,2.1,14,7,24,24
2025-01-10,Washington,US,WAS_01,PWHL Washington Arena,-4.21,-7.7,-1.2,64.79,12.24,0.4,15,1,24,24
2025-01-11,Boston,US,BOS_01,PWHL Boston Arena,-2.07,-3.9,-0.7,76.5,10.45,2.7,12,12,24,24
2025-01-11,Chicago,US,CHI_01,PWHL Chicago Arena,-3.68,-6.4,-1.2,82.67,11.78,0.0,23,0,24,24
2025-01-11,Minneapolis,US,MSP_01,PWHL Minnesota Arena,-5.95,-9.2,-2.8,76.08,9.22,1.7,15,11,24,24
2025-01-11,Montreal,CA,MTL_01,PWHL Montreal Arena,-8.33,-9.9,-6.2,87.54,3.53,3.5,0,21,24,24
2025-01-11,New York,US,NYC_01,PWHL New York Arena,-1.36,-3.0,0.3,71.83,9.63,2.0,13,6,21,24
2025-01-11,Ottawa,CA,OTT_01,PWHL Ottawa Arena,-7.48,-9.5,-4.2,79.71,5.69,1.0,7,10,24,24
2025-01-11,Toronto,CA,TOR_01,PWHL Toronto Arena,-3.29,-4.8,-0.6,85.54,7.18,2.5,9,10,24,24
2025-01-11,Washington,US,WAS_01,PWHL Washington Arena,-2.32,-4.2,-0.4,81.71,13.51,3.4,18,6,24,24
2025-01-12,Boston,US,BOS_01,PWHL Boston Arena,-2.6,-4.9,1.5,66.46,10.92,0.0,16,0,19,24
2025-01-12,Chicago,US,CHI_01,PWHL Chicago Arena,-1.91,-5.0,1.1,83.33,17.44,2.1,24,9,19,24
2025-01-12,Minneapolis,US,MSP_01,PWHL Minnesota Arena,-8.0,-17.2,-2.1,80.58,18.15,2.8,22,14,24,24
2025-01-12,Montreal,CA,MTL_01,PWHL Montreal Arena,-8.0,-11.0,-6.1,84.79,5.53,0.0,0,0,24,24
2025-01-12,New York,US,NYC_01,PWHL New York Arena,0.5,-2.0,4.7,66.58,8.13,0.0,13,0,14,24
2025-01-12,Ottawa,CA,OTT_01,PWHL Ottawa Arena,-6.16,-10.9,-3.1,80.75,4.4,0.4,0,3,24,24
2025-01-12,Toronto,CA,TOR_01,PWHL Toronto Arena,-0.95,-2.5,0.5,82.75,10.57,1.0,16,6,19,24
2025-01-12,Washington,US,WAS_01,PWHL Washington Arena,-2.25,-5.0,1.7,76.0,8.78,0.0,15,0,18,24
2025-01-13,Boston,US,BOS_01,PWHL Boston Arena,-0.27,-5.0,5.3,68.08,7.18,0.0,7,0,12,24
2025-01-13,Chicago,US,CHI_01,PWHL Chicago Arena,-10.27,-13.1,-6.0,64.79,16.24,0.0,24,0,24,24
2025-01-13,Minneapolis,US,MSP_01,PWHL Minnesota Arena,-17.78,-20.0,-14.8,66.96,12.44,0.0,22,0,24,24
2025-01-13,Montreal,CA,MTL_01,PWHL Montreal Arena,-5.43,-8.6,-1.5,90.42,7.28,3.6,9,16,24,24
2025-01-13,New York,US,NYC_01,PWHL New York Arena,1.17,-2.0,6.5,63.5,9.62,0.0,13,0,9,24
2025-01-13,Ottawa,CA,OTT_01,PWHL Ottawa Arena,-3.15,-5.1,-1.3,90.33,9.99,7.0,17,21,24,24
2025-01-13,Toronto,CA,TOR_01,PWHL Toronto Arena,-1.47,-6.0,1.3,81.38,20.23,1.6,24,6,16,24
2025-01-13,Washington,US,WAS_01,PWHL Washington Arena,-0.98,-6.6,5.1,74.5,7.09,0.0,8,0,15,24
2025-01-14,Boston,US,BOS_01,PWHL Boston Arena,-2.53,-5.1,-0.0,53.17,19.31,0.0,24,0,24,24
2025-01-14,Chicago,US,CHI_01,PWHL Chicago Arena,-12.15,-13.7,-9.4,69.75,13.01,1.4,24,5,24,24
2025-01-14,Minneapolis,US,MSP_01,PWHL Minnesota Arena,-19.94,-23.1,-16.7,67.58,8.54,0.0,15,0,24,24
2025-01-14,Montreal,CA,MTL_01,PWHL Montreal Arena,-4.52,-6.8,-1.6,82.04,18.42,1.1,24,11,24,24
2025-01-14,New York,US,NYC_01,PWHL New York Arena,-1.98,-3.8,0.2,49.88,13.62,0.0,22,0,23,24
2025-01-14,Ottawa,CA,OTT_01,PWHL Ottawa Arena,-5.32,-9.0,-2.0,78.33,17.62,0.5,24,5,24,24
2025-01-14,Toronto,CA,TOR_01,PWHL Toronto Arena,-7.49,-8.5,-6.4,70.08,21.78,0.0,24,0,24,24
2025-01-14,Washington,US,WAS_01,PWHL Washington Arena,-3.12,-6.7,0.0,55.17,12.61,0.1,19,1,24,24
2025-01-15,Boston,US,BOS_01,PWHL Boston Arena,-4.77,-6.6,-2.4,52.5,17.01,0.0,24,0,24,24
2025-01-15,Chicago,US,CHI_01,PWHL Chicago Arena,-12.44,-16.1,-8.4,70.12,13.42,0.3,24,2,24,24
2025-01-15,Minneapolis,US,MSP_01,PWHL Minnesota Arena,-10.98,-19.8,-2.0,76.04,11.45,0.2,19,1,24,24
2025-01-15,Montreal,CA,MTL_01,PWHL Montreal Arena,-9.56,-12.7,-7.6,75.88,11.46,0.4,22,4,24,24
2025-01-15,New York,US,NYC_01,PWHL New York Arena,-3.53,-5.8,-1.2,49.38,14.77,0.0,21,0,24,24
2025-01-15,Ottawa,CA,OTT_01,PWHL Ottawa Arena,-9.72,-11.9,-6.9,77.96,10.78,0.0,18,0,24,24
2025-01-15,Toronto,CA,TOR_01,PWHL Toronto Arena,-5.99,-8.9,-3.5,77.17,12.08,0.3,22,3,24,24
2025-01-15,Washington,US,WAS_01,PWHL Washington Arena,-5.65,-8.3,-2.6,63.0,15.04,0.0,23,0,24,24
2025-01-16,Boston,US,BOS_01,PWHL Boston Arena,-4.75,-8.9,-0.5,54.58,8.78,0.1,16,1,24,24
2025-01-16,Chicago,US,CHI_01,PWHL Chicago Arena,-2.32,-7.7,1.8,77.46,14.5,0.2,23,2,15,24
2025-01-16,Minneapolis,US,MSP_01,PWHL Minnesota Arena,-1.05,-3.8,0.4,79.96,13.98,0.0,20,0,20,24
2025-01-16,Montreal,CA,MTL_01,PWHL Montreal Arena,-8.12,-13.2,-4.7,83.08,7.3,0.1,8,1,24,24
2025-01-16,New York,US,NYC_01,PWHL New York Arena,-3.25,-6.0,-0.7,57.58,7.45,0.3,9,3,24,24
2025-01-16,Ottawa,CA,OTT_01,PWHL Ottawa Arena,-8.28,-13.2,-4.2,83.67,6.33,0.9,7,9,24,24
2025-01-16,Toronto,CA,TOR_01,PWHL Toronto Arena,-5.48,-8.0,-3.0,79.83,12.29,1.2,23,7,24,24
2025-01-16,Washington,US,WAS_01,PWHL Washington Arena,-5.03,-11.4,-0.0,74.0,6.41,0.5,7,5,24,24
2025-01-17,Boston,US,BOS_01,PWHL Boston Arena,-3.05,-7.6,1.8,61.08,7.81,0.0,9,0,19,24
2025-01-17,Chicago,US,CHI_01,PWHL Chicago Arena,0.16,-5.1,4.7,77.0,18.55,0.0,24,0,11,24
2025-01-17,Minneapolis,US,MSP_01,PWHL Minnesota Arena,-0.85,-7.7,3.3,74.38,17.91,0.0,23,0,12,24
2025-01-17,Montreal,CA,MTL_01,PWHL Montreal Arena,-5.03,-9.3,-1.6,85.88,7.52,0.1,7,1,24,24
2025-01-17,New York,US,NYC_01,PWHL New York Arena,-0.68,-5.1,4.9,65.88,7.31,0.0,7,0,13,24
2025-01-17,Ottawa,CA,OTT_01,PWHL Ottawa Arena,-5.05,-10.8,0.3,85.71,6.62,0.0,8,0,23,24
2025-01-17,Toronto,CA,TOR_01,PWHL Toronto Arena,-0.13,-2.5,2.0,77.33,15.97,0.0,23,0,13,24
2025-01-17,Washington,US,WAS_01,PWHL Washington Arena,-0.01,-4.5,4.0,71.25,8.67,0.0,10,0,15,24
2025-01-18,Boston,US,BOS_01,PWHL Boston Arena,2.14,-3.2,6.7,79.21,13.36,7.5,24,7,8,24
2025-01-18,Chicago,US,CHI_01,PWHL Chicago Arena,-2.85,-8.5,2.8,59.5,17.41,0.0,24,0,19,24
2025-01-18,Minneapolis,US,MSP_01,PWHL Minnesota Arena,-15.04,-20.8,-8.3,62.25,18.07,0.0,24,0,24,24
2025-01-18,Montreal,CA,MTL_01,PWHL Montreal Arena,0.07,-1.4,1.4,86.04,15.33,5.9,24,10,10,24
2025-01-18,New York,US,NYC_01,PWHL New York Arena,2.82,-1.0,6.4,81.29,8.96,2.1,16,5,6,24
2025-01-18,Ottawa,CA,OTT_01,PWHL Ottawa Arena,0.01,-7.9,1.5,82.75,17.64,5.9,24,12,5,24
2025-01-18,Toronto,CA,TOR_01,PWHL Toronto Arena,0.08,-4.8,2.6,81.0,16.71,3.6,24,10,9,24
2025-01-18,Washington,US,WAS_01,PWHL Washington Arena,1.83,-0.9,5.9,83.25,10.56,0.9,18,2,7,24
2025-01-19,Boston,US,BOS_01,PWHL Boston Arena,2.22,-1.4,6.1,88.38,11.24,9.6,19,7,4,24
2025-01-19,Chicago,US,CHI_01,PWHL Chicago Arena,-13.69,-16.9,-9.6,38.04,16.75,0.0,24,0,24,24
2025-01-19,Minneapolis,US,MSP_01,PWHL Minnesota Arena,-22.64,-25.5,-20.4,61.12,13.18,0.0,24,0,24,24
2025-01-19,Montreal,CA,MTL_01,PWHL Montreal Arena,-9.76,-13.6,-0.9,77.62,8.19,0.4,14,4,24,24
2025-01-19,New York,US,NYC_01,PWHL New York Arena,0.38,-2.7,2.5,89.08,11.27,8.8,22,12,9,24
2025-01-19,Ottawa,CA,OTT_01,PWHL Ottawa Arena,-13.12,-16.8,-9.0,72.12,8.29,0.0,14,0,24,24
2025-01-19,Toronto,CA,TOR_01,PWHL Toronto Arena,-6.76,-9.9,-5.1,70.83,6.51,0.7,6,4,24,24
2025-01-19,Washington,US,WAS_01,PWHL Washington Arena,0.68,-3.3,3.0,90.54,13.45,6.7,23,12,8,24
2025-01-20,Boston,US,BOS_01,PWHL Boston Arena,-7.5,-11.6,-2.3,68.46,16.38,2.3,24,7,24,24
2025-01-20,Chicago,US,CHI_01,PWHL Chicago Arena,-15.45,-18.8,-12.1,40.54,15.66,0.0,24,0,24,24
2025-01-20,Minneapolis,US,MSP_01,PWHL Minnesota Arena,-25.3,-27.9,-22.8,62.08,10.83,0.0,16,0,24,24
2025-01-20,Montreal,CA,MTL_01,PWHL Montreal Arena,-16.68,-20.9,-12.9,68.17,9.79,0.4,21,4,24,24
2025-01-20,New York,US,NYC_01,PWHL New York Arena,-7.58,-11.7,-3.9,64.42,11.38,0.2,20,2,24,24
2025-01-20,Ottawa,CA,OTT_01,PWHL Ottawa Arena,-17.85,-20.4,-14.1,68.79,6.97,0.0,13,0,24,24
2025-01-20,Toronto,CA,TOR_01,PWHL Toronto Arena,-12.51,-15.6,-10.0,67.46,15.77,0.0,22,0,24,24
2025-01-20,Washington,US,WAS_01,PWHL Washington Arena,-6.99,-11.1,-4.4,67.17,14.31,0.1,24,1,24,24
2025-01-21,Boston,US,BOS_01,PWHL Boston Arena,-11.22,-15.3,-8.0,61.88,8.9,0.0,17,0,24,24
2025-01-21,Chicago,US,CHI_01,PWHL Chicago Arena,-18.94,-21.4,-16.5,37.58,15.5,0.0,24,0,24,24
2025-01-21,Minneapolis,US,MSP_01,PWHL Minnesota Arena,-22.01,-30.1,-11.5,58.5,12.87,0.3,16,3,24,24
2025-01-21,Montreal,CA,MTL_01,PWHL Montreal Arena,-16.39,-20.7,-13.4,73.29,8.83,0.0,13,0,24,24
2025-01-21,New York,US,NYC_01,PWHL New York Arena,-11.46,-15.9,-8.5,62.38,7.88,0.4,12,4,24,24
2025-01-21,Ottawa,CA,OTT_01,PWHL Ottawa Arena,-16.68,-22.7,-12.0,70.42,5.48,0.0,4,0,24,24
2025-01-21,Toronto,CA,TOR_01,PWHL Toronto Arena,-14.0,-15.8,-11.8,59.12,17.1,0.0,24,0,24,24
2025-01-21,Washington,US,WAS_01,PWHL Washington Arena,-9.63,-12.8,-6.9,58.96,5.45,0.5,5,5,24,24
2025-01-22,Boston,US,BOS_01,PWHL Boston Arena,-12.57,-16.8,-8.0,51.92,6.77,0.0,10,0,24,24
2025-01-22,Chicago,US,CHI_01,PWHL Chicago Arena,-10.81,-18.6,-5.3,56.96,18.46,1.0,24,8,24,24
2025-01-22,Minneapolis,US,MSP_01,PWHL Minnesota Arena,-7.38,-13.4,-1.8,69.58,14.65,0.0,23,0,24,24
2025-01-22,Montreal,CA,MTL_01,PWHL Montreal Arena,-15.86,-19.0,-13.2,71.12,8.57,0.0,14,0,24,24
2025-01-22,New York,US,NYC_01,PWHL New York Arena,-11.99,-16.8,-8.3,53.83,3.92,0.0,3,0,24,24
2025-01-22,Ottawa,CA,OTT_01,PWHL Ottawa Arena,-15.47,-21.5,-11.1,68.83,7.85,0.5,9,4,24,24
2025-01-22,Toronto,CA,TOR_01,PWHL Toronto Arena,-13.54,-19.2,-8.2,65.62,15.01,0.5,23,5,24,24
2025-01-22,Washington,US,WAS_01,PWHL Washington Arena,-10.71,-13.7,-8.2,56.71,6.49,0.0,8,0,24,24
2025-01-23,Boston,US,BOS_01,PWHL Boston Arena,-8.67,-14.9,-2.4,63.25,8.9,0.0,12,0,24,24
2025-01-23,Chicago,US,CHI_01,PWHL Chicago Arena,-9.12,-13.6,-4.6,74.38,14.01,0.7,24,6,24,24
2025-01-23,Minneapolis,US,MSP_01,PWHL Minnesota Arena,-17.19,-20.2,-14.0,65.96,10.23,0.0,17,0,24,24
2025-01-23,Montreal,CA,MTL_01,PWHL Montreal Arena,-9.83,-15.3,-6.6,77.29,8.48,3.0,11,19,24,24
2025-01-23,New York,US,NYC_01,PWHL New York Arena,-8.56,-13.2,-3.6,54.17,4.6,0.0,2,0,24,24
2025-01-23,Ottawa,CA,OTT_01,PWHL Ottawa Arena,-8.78,-11.2,-5.0,80.62,9.33,4.8,19,17,24,24
2025-01-23,Toronto,CA,TOR_01,PWHL Toronto Arena,-6.16,-8.1,-4.4,76.62,14.89,0.7,24,7,24,24
2025-01-23,Washington,US,WAS_01,PWHL Washington Arena,-7.8,-14.3,-1.3,59.25,4.36,0.0,1,0,24,24
2025-01-24,Boston,US,BOS_01,PWHL Boston Arena,-6.28,-10.1,-1.2,64.46,9.04,0.0,20,0,24,24
2025-01-24,Chicago,US,CHI_01,PWHL Chicago Arena,-12.02,-16.9,-7.0,66.58,11.32,0.0,20,0,24,24
2025-01-24,Minneapolis,US,MSP_01,PWHL Minnesota Arena,-11.31,-19.7,-3.0,69.5,10.42,0.4,19,3,24,24
2025-01-24,Montreal,CA,MTL_01,PWHL Montreal Arena,-13.4,-17.7,-7.3,76.71,8.04,0.0,15,0,24,24
2025-01-24,New York,US,NYC_01,PWHL New York Arena,-6.52,-10.8,-1.2,64.75,6.98,0.0,7,0,24,24
2025-01-24,Ottawa,CA,OTT_01,PWHL Ottawa Arena,-15.72,-20.2,-12.1,75.79,6.19,0.0,5,0,24,24
2025-01-24,Toronto,CA,TOR_01,PWHL Toronto Arena,-8.12,-10.4,-5.5,71.42,10.79,0.1,19,1,24,24
2025-01-24,Washington,US,WAS_01,PWHL Washington Arena,-2.82,-7.1,0.5,69.67,7.79,0.0,12,0,21,24
2025-01-25,Boston,US,BOS_01,PWHL Boston Arena,-7.42,-13.4,-2.6,65.54,9.75,0.0,14,0,24,24
2025-01-25,Chicago,US,CHI_01,PWHL Chicago Arena,-2.75,-7.0,2.5,65.71,17.11,0.0,24,0,17,24
2025-01-25,Minneapolis,US,MSP_01,PWHL Minnesota Arena,-5.43,-11.4,-1.9,73.12,18.18,0.0,24,0,24,24
2025-01-25,Montreal,CA,MTL_01,PWHL Montreal Arena,-14.44,-21.4,-6.1,82.29,4.73,0.1,5,1,24,24
2025-01-25,New York,US,NYC_01,PWHL New York Arena,-6.92,-13.1,-2.1,67.75,5.97,0.0,9,0,24,24
2025-01-25,Ottawa,CA,OTT_01,PWHL Ottawa Arena,-12.83,-21.3,-5.2,78.08,6.45,0.5,9,4,24,24
2025-01-25,Toronto,CA,TOR_01,PWHL Toronto Arena,-5.54,-10.5,-0.7,72.92,14.81,0.2,21,2,24,24
2025-01-25,Washington,US,WAS_01,PWHL Washington Arena,-2.88,-9.8,3.0,61.08,8.12,0.0,9,0,16,24
2025-01-26,Boston,US,BOS_01,PWHL Boston Arena,-1.45,-6.2,2.9,64.25,16.54,0.0,24,0,16,24
2025-01-26,Chicago,US,CHI_01,PWHL Chicago Arena,-5.15,-8.3,-1.5,54.96,11.39,0.0,21,0,24,24
2025-01-26,Minneapolis,US,MSP_01,PWHL Minnesota Arena,-8.69,-15.1,-2.4,63.83,11.92,0.0,20,0,24,24
2025-01-26,Montreal,CA,MTL_01,PWHL Montreal Arena,-5.01,-9.3,-1.8,75.33,16.9,0.8,23,4,24,24
2025-01-26,New York,US,NYC_01,PWHL New York Arena,-1.13,-5.7,4.0,63.79,9.59,0.0,13,0,16,24
2025-01-26,Ottawa,CA,OTT_01,PWHL Ottawa Arena,-4.62,-9.7,-2.5,75.33,16.0,0.5,22,5,24,24
2025-01-26,Toronto,CA,TOR_01,PWHL Toronto Arena,-2.26,-3.9,-0.7,72.58,19.56,1.1,24,2,24,24
2025-01-26,Washington,US,WAS_01,PWHL Washington Arena,1.95,-2.7,7.3,58.67,9.92,0.0,16,0,4,24
2025-01-27,Boston,US,BOS_01,PWHL Boston Arena,-2.33,-7.2,1.4,59.08,16.42,0.0,24,0,17,24
2025-01-27,Chicago,US,CHI_01,PWHL Chicago Arena,-1.95,-7.7,3.8,47.96,20.01,0.0,24,0,13,24
2025-01-27,Minneapolis,US,MSP_01,PWHL Minnesota Arena,-2.65,-6.1,0.7,62.92,17.05,0.1,24,1,21,24
2025-01-27,Montreal,CA,MTL_01,PWHL Montreal Arena,-3.37,-8.1,-0.7,75.54,25.93,2.0,24,8,24,24
2025-01-27,New York,US,NYC_01,PWHL New York Arena,-1.22,-5.0,1.9,58.08,11.82,0.0,20,0,14,24
2025-01-27,Ottawa,CA,OTT_01,PWHL Ottawa Arena,-3.18,-6.2,-0.9,73.96,25.95,0.8,24,4,24,24
2025-01-27,Toronto,CA,TOR_01,PWHL Toronto Arena,-2.88,-5.6,0.0,65.67,23.31,1.1,24,4,24,24
2025-01-27,Washington,US,WAS_01,PWHL Washington Arena,1.94,-2.7,7.9,53.92,9.02,0.0,16,0,9,24
2025-01-28,Boston,US,BOS_01,PWHL Boston Arena,-1.59,-5.5,2.3,46.25,18.79,0.3,22,2,17,24
2025-01-28,Chicago,US,CHI_01,PWHL Chicago Arena,2.19,-3.0,6.4,57.29,17.78,0.0,24,0,8,24
2025-01-28,Minneapolis,US,MSP_01,PWHL Minnesota Arena,0.61,-4.5,5.9,72.54,18.74,0.0,24,0,10,24
2025-01-28,Montreal,CA,MTL_01,PWHL Montreal Arena,-12.88,-17.4,-1.7,69.21,14.16,2.7,20,7,24,24
2025-01-28,New York,US,NYC_01,PWHL New York Arena,0.51,-3.1,4.3,53.12,14.5,0.0,18,0,9,24
2025-01-28,Ottawa,CA,OTT_01,PWHL Ottawa Arena,-13.55,-17.4,-4.5,69.54,13.73,2.9,19,8,24,24
2025-01-28,Toronto,CA,TOR_01,PWHL Toronto Arena,-4.74,-10.5,2.1,69.38,15.12,2.5,20,8,20,24
2025-01-28,Washington,US,WAS_01,PWHL Washington Arena,3.63,0.5,7.1,52.12,11.57,0.0,18,0,0,24
2025-01-29,Boston,US,BOS_01,PWHL Boston Arena,-0.32,-5.6,5.9,63.71,17.21,2.2,19,7,15,24
2025-01-29,Chicago,US,CHI_01,PWHL Chicago Arena,3.04,-0.7,6.0,62.29,14.66,0.0,19,0,1,24
2025-01-29,Minneapolis,US,MSP_01,PWHL Minnesota Arena,0.52,-2.0,2.0,70.88,10.89,0.0,17,0,7,24
2025-01-29,Montreal,CA,MTL_01,PWHL Montreal Arena,-12.82,-15.1,-9.7,77.83,13.1,5.4,21,18,24,24
2025-01-29,New York,US,NYC_01,PWHL New York Arena,3.92,-0.5,9.0,52.54,16.96,0.0,24,0,1,24
2025-01-29,Ottawa,CA,OTT_01,PWHL Ottawa Arena,-11.02,-14.4,-8.1,75.38,14.32,4.2,24,12,24,24
2025-01-29,Toronto,CA,TOR_01,PWHL Toronto Arena,-2.98,-9.0,2.4,72.71,21.5,0.8,24,6,17,24
2025-01-29,Washington,US,WAS_01,PWHL Washington Arena,6.38,2.9,11.8,53.58,17.9,0.0,24,0,0,24
2025-01-30,Boston,US,BOS_01,PWHL Boston Arena,-5.94,-9.1,-3.7,45.62,14.57,0.2,22,1,24,24
2025-01-30,Chicago,US,CHI_01,PWHL Chicago Arena,2.62,-2.8,8.1,74.0,11.0,16.8,18,6,9,24
2025-01-30,Minneapolis,US,MSP_01,PWHL Minnesota Arena,2.0,-1.5,7.4,61.92,8.92,0.0,14,0,6,24
2025-01-30,Montreal,CA,MTL_01,PWHL Montreal Arena,-16.76,-20.2,-10.2,70.5,9.83,0.2,19,2,24,24
2025-01-30,New York,US,NYC_01,PWHL New York Arena,-2.06,-6.4,0.9,51.79,9.15,0.0,16,0,18,24
2025-01-30,Ottawa,CA,OTT_01,PWHL Ottawa Arena,-14.85,-23.0,-6.6,73.5,6.67,0.7,5,4,24,24
2025-01-30,Toronto,CA,TOR_01,PWHL Toronto Arena,-4.85,-10.9,0.1,74.08,8.8,0.0,15,0,23,24
2025-01-30,Washington,US,WAS_01,PWHL Washington Arena,4.4,-1.1,10.1,62.75,7.91,0.0,12,0,2,24
2025-01-31,Boston,US,BOS_01,PWHL Boston Arena,1.16,-4.3,4.3,82.08,11.45,13.9,18,13,6,24
2025-01-31,Chicago,US,CHI_01,PWHL Chicago Arena,1.99,0.5,3.8,92.17,17.63,29.9,21,15,0,24
2025-01-31,Minneapolis,US,MSP_01,PWHL Minnesota Arena,0.11,-3.5,4.1,62.88,12.2,0.0,24,0,13,24
2025-01-31,Montreal,CA,MTL_01,PWHL Montreal Arena,-8.42,-12.2,-6.4,82.75,5.9,0.8,7,4,24,24
2025-01-31,New York,US,NYC_01,PWHL New York Arena,3.73,0.9,6.1,91.29,7.25,11.2,12,19,0,24
2025-01-31,Ottawa,CA,OTT_01,PWHL Ottawa Arena,-6.62,-11.2,-2.0,77.17,9.09,0.0,11,0,24,24
2025-01-31,Toronto,CA,TOR_01,PWHL Toronto Arena,-0.07,-4.5,1.7,83.88,10.33,1.3,15,4,12,24
2025-01-31,Washington,US,WAS_01,PWHL Washington Arena,7.59,4.2,10.8,91.67,15.48,22.9,24,21,0,24
2025-02-01,Boston,US,BOS_01,PWHL Boston Arena,-3.7,-11.3,0.5,73.92,16.81,2.8,24,10,20,24
2025-02-01,Chicago,US,CHI_01,PWHL Chicago Arena,-1.43,-2.5,0.3,72.5,15.9,0.0,24,0,23,24
2025-02-01,Minneapolis,US,MSP_01,PWHL Minnesota Arena,-2.33,-4.8,0.8,62.21,18.29,1.1,24,6,19,24
2025-02-01,Montreal,CA,MTL_01,PWHL Montreal Arena,-16.67,-22.5,-10.1,65.79,10.45,0.1,18,1,24,24
2025-02-01,New York,US,NYC_01,PWHL New York Arena,0.05,-6.3,5.8,66.08,14.96,1.5,23,4,11,24
2025-02-01,Ottawa,CA,OTT_01,PWHL Ottawa Arena,-17.35,-22.6,-12.4,67.17,11.14,0.0,16,0,24,24
2025-02-01,Toronto,CA,TOR_01,PWHL Toronto Arena,-12.37,-14.7,-7.0,67.67,11.68,0.0,17,0,24,24
2025-02-01,Washington,US,WAS_01,PWHL Washington Arena,4.97,-1.9,9.3,66.08,14.68,1.3,23,3,3,24
2025-02-02,Boston,US,BOS_01,PWHL Boston Arena,-8.47,-14.6,-2.2,63.33,7.45,0.7,9,2,24,24
2025-02-02,Chicago,US,CHI_01,PWHL Chicago Arena,3.09,-0.9,8.4,82.42,11.01,0.5,18,3,5,24
2025-02-02,Minneapolis,US,MSP_01,PWHL Minnesota Arena,1.27,-1.0,5.4,80.17,9.45,1.2,16,3,6,24
2025-02-02,Montreal,CA,MTL_01,PWHL Montreal Arena,-18.59,-25.4,-8.4,80.46,6.69,1.8,11,6,24,24
2025-02-02,New York,US,NYC_01,PWHL New York Arena,-4.35,-9.7,1.2,59.42,7.09,1.4,9,4,21,24
2025-02-02,Ottawa,CA,OTT_01,PWHL Ottawa Arena,-17.62,-23.0,-12.2,75.71,8.76,1.9,15,9,24,24
2025-02-02,Toronto,CA,TOR_01,PWHL Toronto Arena,-5.82,-11.9,-2.6,78.62,11.08,1.1,15,4,24,24
2025-02-02,Washington,US,WAS_01,PWHL Washington Arena,-0.72,-5.1,3.4,66.33,9.15,0.0,18,0,12,24
2025-02-03,Boston,US,BOS_01,PWHL Boston Arena,1.28,-4.7,4.2,85.79,10.44,2.5,14,6,8,24
2025-02-03,Chicago,US,CHI_01,PWHL Chicago Arena,3.02,0.6,6.9,91.21,12.92,0.0,19,0,0,24
2025-02-03,Minneapolis,US,MSP_01,PWHL Minnesota Arena,-6.0,-15.4,-1.3,76.29,15.38,1.6,24,8,24,24
2025-02-03,Montreal,CA,MTL_01,PWHL Montreal Arena,-4.07,-8.4,0.0,89.29,10.66,5.2,17,11,24,24
2025-02-03,New York,US,NYC_01,PWHL New York Arena,1.91,-3.2,6.0,84.83,6.27,0.4,7,2,9,24
2025-02-03,Ottawa,CA,OTT_01,PWHL Ottawa Arena,-5.97,-12.0,-0.7,86.79,9.06,4.2,13,11,24,24
2025-02-03,Toronto,CA,TOR_01,PWHL Toronto Arena,-0.51,-5.2,2.0,90.25,8.12,4.7,14,10,10,24
2025-02-03,Washington,US,WAS_01,PWHL Washington Arena,5.53,-0.2,11.0,74.96,8.85,0.0,11,0,1,24
2025-02-04,Boston,US,BOS_01,PWHL Boston Arena,1.15,-5.8,5.5,65.42,16.89,0.1,24,1,7,24
2025-02-04,Chicago,US,CHI_01,PWHL Chicago Arena,-3.47,-5.1,0.1,74.04,17.56,0.0,24,0,23,24
2025-02-04,Minneapolis,US,MSP_01,PWHL Minnesota Arena,-16.62,-19.2,-14.2,63.92,9.68,0.0,13,0,24,24
2025-02-04,Montreal,CA,MTL_01,PWHL Montreal Arena,-9.21,-13.9,-4.0,71.71,13.57,0.0,24,0,24,24
2025-02-04,New York,US,NYC_01,PWHL New York Arena,3.26,-1.4,6.0,66.21,15.17,0.0,24,0,3,24
2025-02-04,Ottawa,CA,OTT_01,PWHL Ottawa Arena,-9.8,-15.4,-6.2,70.58,13.46,0.0,23,0,24,24
2025-02-04,Toronto,CA,TOR_01,PWHL Toronto Arena,-5.62,-10.1,-1.3,75.29,14.87,0.5,24,2,24,24
2025-02-04,Washington,US,WAS_01,PWHL Washington Arena,7.81,1.9,12.6,63.29,14.46,0.0,23,0,0,24
2025-02-05,Boston,US,BOS_01,PWHL Boston Arena,-6.43,-9.8,-3.7,46.17,11.22,0.0,18,0,24,24
2025-02-05,Chicago,US,CHI_01,PWHL Chicago Arena,-2.55,-4.1,-0.6,70.71,14.63,1.3,24,5,24,24
2025-02-05,Minneapolis,US,MSP_01,PWHL Minnesota Arena,-10.9,-16.8,-5.4,72.17,9.91,1.6,18,5,24,24
2025-02-05,Montreal,CA,MTL_01,PWHL Montreal Arena,-17.91,-21.1,-15.1,70.04,8.94,0.0,16,0,24,24
2025-02-05,New York,US,NYC_01,PWHL New York Arena,-1.58,-3.6,1.7,54.46,7.24,0.0,11,0,18,24
2025-02-05,Ottawa,CA,OTT_01,PWHL Ottawa Arena,-18.19,-23.2,-14.1,71.33,5.49,0.0,5,0,24,24
2025-02-05,Toronto,CA,TOR_01,PWHL Toronto Arena,-8.12,-11.3,-4.7,73.0,6.59,0.0,6,0,24,24
2025-02-05,Washington,US,WAS_01,PWHL Washington Arena,1.58,-0.5,3.9,62.92,6.95,4.1,7,4,3,24
2025-02-06,Boston,US,BOS_01,PWHL Boston Arena,-3.23,-8.1,1.1,76.92,7.72,7.5,11,8,18,24
2025-02-06,Chicago,US,CHI_01,PWHL Chicago Arena,0.06,-2.1,2.3,69.38,17.38,0.7,21,5,14,24
2025-02-06,Minneapolis,US,MSP_01,PWHL Minnesota Arena,-9.63,-13.1,-4.5,73.54,19.75,0.6,24,2,24,24
2025-02-06,Montreal,CA,MTL_01,PWHL Montreal Arena,-12.16,-21.2,-1.3,83.21,12.57,5.8,17,13,24,24
2025-02-06,New York,US,NYC_01,PWHL New York Arena,1.08,-1.6,4.3,89.25,8.87,8.5,18,12,8,24
2025-02-06,Ottawa,CA,OTT_01,PWHL Ottawa Arena,-12.96,-19.7,-1.1,83.83,11.03,4.4,16,9,24,24
2025-02-06,Toronto,CA,TOR_01,PWHL Toronto Arena,-1.36,-5.0,0.7,83.12,19.28,2.0,22,7,16,24
2025-02-06,Washington,US,WAS_01,PWHL Washington Arena,4.26,0.1,11.1,90.42,11.85,13.2,22,12,0,24
2025-02-07,Boston,US,BOS_01,PWHL Boston Arena,-0.54,-5.5,2.6,69.0,17.39,0.0,24,0,14,24
2025-02-07,Chicago,US,CHI_01,PWHL Chicago Arena,-4.38,-8.1,-1.1,50.04,8.41,0.0,9,0,24,24
2025-02-07,Minneapolis,US,MSP_01,PWHL Minnesota Arena,-10.62,-16.4,-6.7,69.79,5.92,0.0,6,0,24,24
2025-02-07,Montreal,CA,MTL_01,PWHL Montreal Arena,-5.1,-8.7,-1.2,75.04,21.83,1.5,24,6,24,24
2025-02-07,New York,US,NYC_01,PWHL New York Arena,1.1,-3.0,5.0,62.5,14.4,0.0,20,0,8,24
2025-02-07,Ottawa,CA,OTT_01,PWHL Ottawa Arena,-6.38,-10.7,-0.8,71.67,19.97,0.6,24,2,24,24
2025-02-07,Toronto,CA,TOR_01,PWHL Toronto Arena,-6.2,-9.4,-0.7,73.08,20.92,0.5,24,2,24,24
2025-02-07,Washington,US,WAS_01,PWHL Washington Arena,5.8,1.1,8.1,53.67,15.39,0.1,22,1,0,24
2025-02-08,Boston,US,BOS_01,PWHL Boston Arena,-3.44,-7.7,0.3,66.83,7.64,1.2,14,2,21,24
2025-02-08,Chicago,US,CHI_01,PWHL Chicago Arena,-1.41,-2.9,-0.2,74.38,11.68,0.4,23,4,24,24
2025-02-08,Minneapolis,US,MSP_01,PWHL Minnesota Arena,-8.59,-15.4,-6.7,82.29,12.62,4.3,24,14,24,24
2025-02-08,Montreal,CA,MTL_01,PWHL Montreal Arena,-9.75,-12.4,-7.4,76.29,8.33,0.1,16,1,24,24
2025-02-08,New York,US,NYC_01,PWHL New York Arena,-1.87,-4.5,1.0,60.38,5.94,10.0,5,5,20,24
2025-02-08,Ottawa,CA,OTT_01,PWHL Ottawa Arena,-9.01,-13.4,-5.6,74.29,6.92,0.4,5,4,24,24
2025-02-08,Toronto,CA,TOR_01,PWHL Toronto Arena,-5.41,-10.3,-2.2,79.75,9.9,6.5,14,9,24,24
2025-02-08,Washington,US,WAS_01,PWHL Washington Arena,0.75,-1.0,2.6,69.83,8.57,0.6,13,2,9,24
2025-02-09,Boston,US,BOS_01,PWHL Boston Arena,-2.87,-4.7,-1.6,83.17,9.94,12.3,16,11,24,24
2025-02-09,Chicago,US,CHI_01,PWHL Chicago Arena,-3.11,-4.9,-1.2,64.12,9.85,0.0,15,0,24,24
2025-02-09,Minneapolis,US,MSP_01,PWHL Minnesota Arena,-16.59,-23.0,-11.7,76.58,8.14,0.0,9,0,24,24
2025-02-09,Montreal,CA,MTL_01,PWHL Montreal Arena,-8.59,-10.5,-6.1,84.96,6.85,2.4,10,12,24,24
2025-02-09,New York,US,NYC_01,PWHL New York Arena,-0.24,-2.3,1.3,85.21,8.28,4.2,12,7,16,24
2025-02-09,Ottawa,CA,OTT_01,PWHL Ottawa Arena,-7.07,-10.6,-4.6,82.08,7.32,3.1,11,15,24,24
2025-02-09,Toronto,CA,TOR_01,PWHL Toronto Arena,-3.35,-5.6,-0.7,82.08,14.13,3.6,22,14,24,24
2025-02-09,Washington,US,WAS_01,PWHL Washington Arena,4.18,1.7,7.2,68.92,14.68,0.2,23,1,0,24
2025-02-10,Boston,US,BOS_01,PWHL Boston Arena,-4.06,-8.4,-0.6,73.54,11.5,0.0,23,0,24,24
2025-02-10,Chicago,US,CHI_01,PWHL Chicago Arena,-4.19,-9.0,-0.3,52.75,6.8,0.0,9,0,24,24
2025-02-10,Minneapolis,US,MSP_01,PWHL Minnesota Arena,-16.07,-21.0,-12.9,74.42,9.07,0.3,15,3,24,24
2025-02-10,Montreal,CA,MTL_01,PWHL Montreal Arena,-11.2,-13.9,-6.3,74.25,9.33,0.0,14,0,24,24
2025-02-10,New York,US,NYC_01,PWHL New York Arena,-2.42,-6.4,0.4,70.04,8.19,0.0,11,0,20,24
2025-02-10,Ottawa,CA,OTT_01,PWHL Ottawa Arena,-11.7,-16.8,-7.4,68.29,6.21,0.2,6,2,24,24
2025-02-10,Toronto,CA,TOR_01,PWHL Toronto Arena,-6.26,-8.1,-4.9,74.12,12.21,0.0,24,0,24,24
2025-02-10,Washington,US,WAS_01,PWHL Washington Arena,2.19,-1.2,6.3,60.58,8.88,0.0,17,0,4,24
2025-02-11,Boston,US,BOS_01,PWHL Boston Arena,-6.33,-13.5,-1.1,71.83,9.72,0.0,18,0,24,24
2025-02-11,Chicago,US,CHI_01,PWHL Chicago Arena,-4.14,-4.8,-3.2,73.46,15.21,0.4,20,3,24,24
2025-02-11,Minneapolis,US,MSP_01,PWHL Minnesota Arena,-21.11,-26.5,-17.7,69.04,4.99,0.0,2,0,24,24
2025-02-11,Montreal,CA,MTL_01,PWHL Montreal Arena,-9.52,-15.0,-5.2,72.17,13.71,0.5,23,5,24,24
2025-02-11,New York,US,NYC_01,PWHL New York Arena,-4.14,-9.3,-0.3,77.08,2.93,1.9,0,6,24,24
2025-02-11,Ottawa,CA,OTT_01,PWHL Ottawa Arena,-9.32,-16.8,-5.6,69.17,11.52,0.3,19,3,24,24
2025-02-11,Toronto,CA,TOR_01,PWHL Toronto Arena,-7.62,-10.4,-3.2,76.29,9.18,0.1,17,1,24,24
2025-02-11,Washington,US,WAS_01,PWHL Washington Arena,-0.51,-2.2,2.4,77.71,5.48,13.8,5,11,18,24
2025-02-12,Boston,US,BOS_01,PWHL Boston Arena,-2.38,-7.9,0.1,81.38,13.2,0.4,20,3,23,24
2025-02-12,Chicago,US,CHI_01,PWHL Chicago Arena,-3.61,-4.3,-3.0,84.12,16.21,9.1,21,18,24,24
2025-02-12,Minneapolis,US,MSP_01,PWHL Minnesota Arena,-18.67,-22.0,-16.0,73.12,5.72,0.9,6,8,24,24
2025-02-12,Montreal,CA,MTL_01,PWHL Montreal Arena,-17.25,-21.2,-13.7,66.25,10.09,0.1,21,1,24,24
2025-02-12,New York,US,NYC_01,PWHL New York Arena,-0.69,-2.3,0.4,87.96,9.8,4.0,21,11,19,24
2025-02-12,Ottawa,CA,OTT_01,PWHL Ottawa Arena,-16.42,-21.9,-12.4,65.29,9.88,1.0,16,3,24,24
2025-02-12,Toronto,CA,TOR_01,PWHL Toronto Arena,-6.99,-10.3,-0.6,79.5,19.43,8.4,24,9,24,24
2025-02-12,Washington,US,WAS_01,PWHL Washington Arena,0.2,-1.2,1.5,93.33,8.49,6.6,17,19,11,24
2025-02-13,Boston,US,BOS_01,PWHL Boston Arena,1.91,-1.0,3.7,88.46,16.92,9.6,22,15,3,24
2025-02-13,Chicago,US,CHI_01,PWHL Chicago Arena,-10.05,-15.5,-3.2,77.12,16.81,0.7,24,7,24,24
2025-02-13,Minneapolis,US,MSP_01,PWHL Minnesota Arena,-20.7,-24.9,-17.5,72.29,9.03,0.0,17,0,24,24
2025-02-13,Montreal,CA,MTL_01,PWHL Montreal Arena,-5.88,-13.2,1.8,84.21,20.01,20.6,24,18,20,24
2025-02-13,New York,US,NYC_01,PWHL New York Arena,3.26,0.6,7.1,87.58,11.72,6.4,18,11,0,24
2025-02-13,Ottawa,CA,OTT_01,PWHL Ottawa Arena,-7.87,-12.4,-3.4,81.21,19.81,18.1,22,16,24,24
2025-02-13,Toronto,CA,TOR_01,PWHL Toronto Arena,-2.97,-6.2,1.3,83.92,16.44,10.4,24,9,18,24
2025-02-13,Washington,US,WAS_01,PWHL Washington Arena,3.48,1.2,9.3,82.54,12.51,11.9,15,8,0,24
2025-02-14,Boston,US,BOS_01,PWHL Boston Arena,-3.75,-7.7,-1.7,58.42,19.18,0.0,23,0,24,24
2025-02-14,Chicago,US,CHI_01,PWHL Chicago Arena,-10.8,-18.5,-3.7,73.25,12.05,4.9,22,4,24,24
2025-02-14,Minneapolis,US,MSP_01,PWHL Minnesota Arena,-11.37,-18.5,-6.1,78.08,12.02,2.3,24,11,24,24
2025-02-14,Montreal,CA,MTL_01,PWHL Montreal Arena,-11.54,-14.8,-9.5,70.62,17.42,0.0,22,0,24,24
2025-02-14,New York,US,NYC_01,PWHL New York Arena,-1.38,-3.3,0.9,54.62,13.33,0.0,19,0,19,24
2025-02-14,Ottawa,CA,OTT_01,PWHL Ottawa Arena,-12.24,-16.0,-9.0,68.29,12.67,0.0,18,0,24,24
2025-02-14,Toronto,CA,TOR_01,PWHL Toronto Arena,-7.02,-9.2,-5.6,71.92,15.1,0.0,21,0,24,24
2025-02-14,Washington,US,WAS_01,PWHL Washington Arena,0.23,-3.7,3.0,55.08,13.25,0.0,17,0,11,24
2025-02-15,Boston,US,BOS_01,PWHL Boston Arena,-5.6,-12.0,-2.0,65.38,6.16,3.7,7,6,24,24
2025-02-15,Chicago,US,CHI_01,PWHL Chicago Arena,-1.53,-3.4,-0.5,85.33,11.04,0.0,15,0,24,24
2025-02-15,Minneapolis,US,MSP_01,PWHL Minnesota Arena,-7.96,-11.4,-6.4,83.25,14.13,0.0,19,0,24,24
2025-02-15,Montreal,CA,MTL_01,PWHL Montreal Arena,-13.72,-17.9,-9.7,73.5,8.3,1.7,13,7,24,24
2025-02-15,New York,US,NYC_01,PWHL New York Arena,-0.92,-4.1,1.6,68.96,7.48,8.5,11,10,10,24
2025-02-15,Ottawa,CA,OTT_01,PWHL Ottawa Arena,-12.41,-16.5,-8.8,76.33,11.16,4.4,19,15,24,24
2025-02-15,Toronto,CA,TOR_01,PWHL Toronto Arena,-3.58,-9.0,-0.0,86.62,13.55,8.7,19,21,24,24
2025-02-15,Washington,US,WAS_01,PWHL Washington Arena,1.71,-0.8,4.0,79.88,8.44,14.4,12,14,6,24
2025-02-16,Boston,US,BOS_01,PWHL Boston Arena,0.51,-3.6,2.7,92.79,17.96,37.0,22,24,8,24
2025-02-16,Chicago,US,CHI_01,PWHL Chicago Arena,-5.57,-12.9,-1.9,80.46,21.26,0.8,24,7,24,24
2025-02-16,Minneapolis,US,MSP_01,PWHL Minnesota Arena,-16.54,-19.2,-12.7,70.96,15.67,0.0,24,0,24,24
2025-02-16,Montreal,CA,MTL_01,PWHL Montreal Arena,-9.65,-10.9,-6.8,83.62,20.62,29.4,24,23,24,24
2025-02-16,New York,US,NYC_01,PWHL New York Arena,2.82,0.8,7.3,94.0,12.95,21.5,19,19,0,24
2025-02-16,Ottawa,CA,OTT_01,PWHL Ottawa Arena,-9.18,-11.2,-8.2,81.38,21.23,20.6,24,24,24,24
2025-02-16,Toronto,CA,TOR_01,PWHL Toronto Arena,-5.62,-7.8,-3.0,84.29,19.51,19.1,24,19,24,24
2025-02-16,Washington,US,WAS_01,PWHL Washington Arena,7.45,2.1,16.2,82.38,21.64,11.9,24,11,0,24
2025-02-17,Boston,US,BOS_01,PWHL Boston Arena,-5.12,-8.6,-1.5,65.12,28.26,0.0,24,0,24,24
2025-02-17,Chicago,US,CHI_01,PWHL Chicago Arena,-16.2,-17.9,-13.9,67.92,15.98,0.0,24,0,24,24
2025-02-17,Minneapolis,US,MSP_01,PWHL Minnesota Arena,-23.42,-26.1,-19.7,66.83,14.58,0.0,24,0,24,24
2025-02-17,Montreal,CA,MTL_01,PWHL Montreal Arena,-12.82,-14.7,-10.4,70.08,24.69,1.5,24,9,24,24
2025-02-17,New York,US,NYC_01,PWHL New York Arena,-1.82,-3.6,-0.2,49.71,20.09,0.0,24,0,24,24
2025-02-17,Ottawa,CA,OTT_01,PWHL Ottawa Arena,-13.38,-15.4,-11.2,66.62,24.12,0.5,24,4,24,24
2025-02-17,Toronto,CA,TOR_01,PWHL Toronto Arena,-9.54,-11.6,-7.7,68.12,23.39,0.2,24,2,24,24
2025-02-17,Washington,US,WAS_01,PWHL Washington Arena,0.25,-2.4,2.8,48.62,21.59,0.0,24,0,12,24
2025-02-18,Boston,US,BOS_01,PWHL Boston Arena,-8.52,-11.1,-6.4,61.54,23.6,0.0,24,0,24,24
2025-02-18,Chicago,US,CHI_01,PWHL Chicago Arena,-18.18,-22.3,-14.7,64.29,12.89,0.0,24,0,24,24
2025-02-18,Minneapolis,US,MSP_01,PWHL Minnesota Arena,-23.36,-27.4,-19.2,69.17,11.29,0.0,24,0,24,24
2025-02-18,Montreal,CA,MTL_01,PWHL Montreal Arena,-15.3,-17.1,-13.4,66.25,19.8,0.1,24,1,24,24
2025-02-18,New York,US,NYC_01,PWHL New York Arena,-5.55,-8.5,-3.1,35.08,16.53,0.0,24,0,24,24
2025-02-18,Ottawa,CA,OTT_01,PWHL Ottawa Arena,-15.58,-18.2,-14.0,63.67,18.74,0.0,24,0,24,24
2025-02-18,Toronto,CA,TOR_01,PWHL Toronto Arena,-10.35,-12.2,-8.8,69.0,23.1,0.6,24,6,24,24
2025-02-18,Washington,US,WAS_01,PWHL Washington Arena,-3.22,-5.7,-0.6,41.08,15.24,0.0,24,0,24,24
2025-02-19,Boston,US,BOS_01,PWHL Boston Arena,-8.02,-13.1,-3.4,62.25,14.47,0.0,24,0,24,24
2025-02-19,Chicago,US,CHI_01,PWHL Chicago Arena,-14.32,-16.5,-11.7,67.33,12.1,0.1,24,1,24,24
2025-02-19,Minneapolis,US,MSP_01,PWHL Minnesota Arena,-20.72,-25.1,-16.5,70.75,11.8,0.0,24,0,24,24
2025-02-19,Montreal,CA,MTL_01,PWHL Montreal Arena,-15.42,-18.1,-13.0,71.33,14.31,0.0,24,0,24,24
2025-02-19,New York,US,NYC_01,PWHL New York Arena,-5.23,-9.3,-1.2,47.04,11.83,0.0,23,0,24,24
2025-02-19,Ottawa,CA,OTT_01,PWHL Ottawa Arena,-15.3,-19.5,-12.1,70.29,10.12,0.0,18,0,24,24
2025-02-19,Toronto,CA,TOR_01,PWHL Toronto Arena,-10.58,-13.7,-7.7,73.46,7.84,0.2,6,2,24,24
2025-02-19,Washington,US,WAS_01,PWHL Washington Arena,-5.76,-7.6,-3.7,47.38,8.05,0.9,10,8,24,24
2025-02-20,Boston,US,BOS_01,PWHL Boston Arena,-7.52,-12.9,-2.7,71.62,9.73,0.0,17,0,24,24
2025-02-20,Chicago,US,CHI_01,PWHL Chicago Arena,-11.93,-16.6,-8.1,72.75,13.68,0.0,24,0,24,24
2025-02-20,Minneapolis,US,MSP_01,PWHL Minnesota Arena,-15.84,-20.6,-10.9,74.25,8.18,0.0,11,0,24,24
2025-02-20,Montreal,CA,MTL_01,PWHL Montreal Arena,-13.2,-17.4,-7.6,79.88,9.6,0.0,20,0,24,24
2025-02-20,New York,US,NYC_01,PWHL New York Arena,-4.96,-8.8,-1.2,56.88,12.13,0.9,19,8,24,24
2025-02-20,Ottawa,CA,OTT_01,PWHL Ottawa Arena,-11.85,-17.7,-7.0,72.92,10.6,0.5,17,5,24,24
2025-02-20,Toronto,CA,TOR_01,PWHL Toronto Arena,-10.81,-13.3,-8.7,76.04,11.59,0.7,18,7,24,24
2025-02-20,Washington,US,WAS_01,PWHL Washington Arena,-5.62,-8.3,-3.5,62.54,16.01,0.6,23,4,24,24
2025-02-21,Boston,US,BOS_01,PWHL Boston Arena,-5.2,-7.4,-2.0,66.62,19.49,0.0,24,0,24,24
2025-02-21,Chicago,US,CHI_01,PWHL Chicago Arena,-8.77,-12.9,-5.0,71.71,10.86,0.0,24,0,24,24
2025-02-21,Minneapolis,US,MSP_01,PWHL Minnesota Arena,-12.99,-18.8,-7.6,71.67,12.66,0.0,18,0,24,24
2025-02-21,Montreal,CA,MTL_01,PWHL Montreal Arena,-10.41,-12.8,-8.2,73.62,13.57,0.0,24,0,24,24
2025-02-21,New York,US,NYC_01,PWHL New York Arena,-4.08,-6.5,-0.4,54.75,17.25,0.0,24,0,24,24
2025-02-21,Ottawa,CA,OTT_01,PWHL Ottawa Arena,-11.14,-15.6,-5.0,68.04,12.98,0.0,22,0,24,24
2025-02-21,Toronto,CA,TOR_01,PWHL Toronto Arena,-9.1,-10.9,-6.5,72.92,11.86,0.0,23,0,24,24
2025-02-21,Washington,US,WAS_01,PWHL Washington Arena,-2.37,-5.5,1.2,50.67,20.79,0.0,24,0,18,24
2025-02-22,Boston,US,BOS_01,PWHL Boston Arena,-5.34,-11.4,0.3,65.29,12.56,0.0,22,0,22,24
2025-02-22,Chicago,US,CHI_01,PWHL Chicago Arena,-5.7,-10.4,-1.5,67.0,14.28,0.0,24,0,24,24
2025-02-22,Minneapolis,US,MSP_01,PWHL Minnesota Arena,-6.69,-13.2,-0.8,78.83,8.87,0.0,13,0,24,24
2025-02-22,Montreal,CA,MTL_01,PWHL Montreal Arena,-9.59,-16.1,-3.0,76.54,10.82,0.0,19,0,24,24
2025-02-22,New York,US,NYC_01,PWHL New York Arena,-2.06,-7.5,3.6,57.21,9.04,0.0,14,0,14,24
2025-02-22,Ottawa,CA,OTT_01,PWHL Ottawa Arena,-9.44,-18.7,-1.7,77.12,9.87,0.5,11,2,24,24
2025-02-22,Toronto,CA,TOR_01,PWHL Toronto Arena,-5.74,-9.6,-3.1,75.33,13.35,0.0,22,0,24,24
2025-02-22,Washington,US,WAS_01,PWHL Washington Arena,0.02,-5.2,5.5,53.33,7.71,0.0,8,0,10,24
2025-02-23,Boston,US,BOS_01,PWHL Boston Arena,-0.61,-4.1,4.2,71.38,12.46,0.0,24,0,14,24
2025-02-23,Chicago,US,CHI_01,PWHL Chicago Arena,-0.51,-5.8,4.6,70.71,9.55,0.0,18,0,11,24
2025-02-23,Minneapolis,US,MSP_01,PWHL Minnesota Arena,1.45,-2.8,5.4,81.42,9.04,0.0,11,0,10,24
2025-02-23,Montreal,CA,MTL_01,PWHL Montreal Arena,-3.56,-8.0,-1.7,82.25,12.1,1.0,19,6,24,24
2025-02-23,New York,US,NYC_01,PWHL New York Arena,2.41,-1.9,7.8,56.54,7.39,0.0,14,0,8,24
2025-02-23,Ottawa,CA,OTT_01,PWHL Ottawa Arena,-3.15,-5.4,-0.4,77.62,9.27,0.7,15,4,24,24
2025-02-23,Toronto,CA,TOR_01,PWHL Toronto Arena,-2.15,-4.0,-0.1,78.96,8.92,0.0,18,0,24,24
2025-02-23,Washington,US,WAS_01,PWHL Washington Arena,3.05,-1.1,8.2,54.58,7.8,0.0,13,0,8,24
2025-02-24,Boston,US,BOS_01,PWHL Boston Arena,0.44,-7.4,5.6,74.62,10.39,0.0,11,0,9,24
2025-02-24,Chicago,US,CHI_01,PWHL Chicago Arena,6.34,2.5,11.1,71.04,16.4,0.4,22,4,0,24
2025-02-24,Minneapolis,US,MSP_01,PWHL Minnesota Arena,6.38,3.1,11.1,71.96,15.04,0.0,24,0,0,24
2025-02-24,Montreal,CA,MTL_01,PWHL Montreal Arena,-1.24,-7.3,4.4,79.83,13.96,1.8,16,6,12,24
2025-02-24,New York,US,NYC_01,PWHL New York Arena,3.46,-1.9,8.2,66.67,9.25,0.0,13,0,6,24
2025-02-24,Ottawa,CA,OTT_01,PWHL Ottawa Arena,0.1,-5.2,4.3,79.96,15.69,3.6,18,4,10,24
2025-02-24,Toronto,CA,TOR_01,PWHL Toronto Arena,1.3,-3.1,4.3,79.25,19.86,0.0,24,0,8,24
2025-02-24,Washington,US,WAS_01,PWHL Washington Arena,5.44,-1.3,11.8,59.38,6.61,0.0,11,0,4,24
2025-02-25,Boston,US,BOS_01,PWHL Boston Arena,5.58,2.7,11.4,73.12,14.12,0.3,24,2,0,24
2025-02-25,Chicago,US,CHI_01,PWHL Chicago Arena,4.87,1.5,10.2,85.08,7.65,2.0,10,1,0,24
2025-02-25,Minneapolis,US,MSP_01,PWHL Minnesota Arena,3.06,-1.4,8.0,80.38,8.0,0.6,10,2,6,24
2025-02-25,Montreal,CA,MTL_01,PWHL Montreal Arena,2.0,1.1,3.3,86.46,10.11,3.2,13,11,0,24
2025-02-25,New York,US,NYC_01,PWHL New York Arena,6.92,3.5,12.4,67.38,7.01,0.0,9,0,0,24
2025-02-25,Ottawa,CA,OTT_01,PWHL Ottawa Arena,1.35,-1.4,3.8,86.71,5.64,1.0,8,8,8,24
2025-02-25,Toronto,CA,TOR_01,PWHL Toronto Arena,2.82,1.4,4.4,85.12,9.92,0.1,15,1,0,24
2025-02-25,Washington,US,WAS_01,PWHL Washington Arena,8.38,2.0,14.3,66.38,6.28,0.0,7,0,0,24
2025-02-26,Boston,US,BOS_01,PWHL Boston Arena,4.86,1.3,10.0,72.71,14.75,0.0,23,0,0,24
2025-02-26,Chicago,US,CHI_01,PWHL Chicago Arena,3.21,1.0,7.7,88.67,10.97,1.6,20,7,0,24
2025-02-26,Minneapolis,US,MSP_01,PWHL Minnesota Arena,5.65,1.4,11.8,77.04,9.26,1.5,14,4,0,24
2025-02-26,Montreal,CA,MTL_01,PWHL Montreal Arena,-1.35,-6.3,0.7,82.5,8.51,0.1,13,1,20,24
2025-02-26,New York,US,NYC_01,PWHL New York Arena,7.15,2.3,13.7,66.08,9.22,0.2,15,2,0,24
2025-02-26,Ottawa,CA,OTT_01,PWHL Ottawa Arena,-2.76,-6.1,-0.1,74.71,9.01,0.0,15,0,24,24
2025-02-26,Toronto,CA,TOR_01,PWHL Toronto Arena,-0.52,-4.0,2.3,87.12,6.53,0.0,11,0,14,24
2025-02-26,Washington,US,WAS_01,PWHL Washington Arena,9.93,4.0,16.9,67.38,8.3,0.2,15,1,0,24
2025-02-27,Boston,US,BOS_01,PWHL Boston Arena,5.07,-0.4,11.0,86.04,12.64,5.0,16,11,2,24
2025-02-27,Chicago,US,CHI_01,PWHL Chicago Arena,4.07,0.7,8.3,75.88,15.07,0.8,24,5,0,24
2025-02-27,Minneapolis,US,MSP_01,PWHL Minnesota Arena,3.88,0.7,8.2,71.71,16.06,0.2,21,2,0,24
2025-02-27,Montreal,CA,MTL_01,PWHL Montreal Arena,-2.15,-8.6,1.6,87.21,10.3,3.9,16,10,15,24
2025-02-27,New York,US,NYC_01,PWHL New York Arena,8.44,4.6,12.0,77.5,8.48,9.1,14,8,0,24
2025-02-27,Ottawa,CA,OTT_01,PWHL Ottawa Arena,-3.82,-9.9,1.2,90.54,8.29,4.8,13,10,19,24
2025-02-27,Toronto,CA,TOR_01,PWHL Toronto Arena,1.37,-0.3,3.1,90.42,10.93,5.2,18,8,1,24
2025-02-27,Washington,US,WAS_01,PWHL Washington Arena,11.75,8.2,16.6,63.83,13.13,0.0,22,0,0,24
2025-02-28,Boston,US,BOS_01,PWHL Boston Arena,3.19,0.7,6.8,63.54,14.72,0.0,18,0,0,24
2025-02-28,Chicago,US,CHI_01,PWHL Chicago Arena,5.88,0.4,12.8,60.71,21.36,0.0,24,0,0,24
2025-02-28,Minneapolis,US,MSP_01,PWHL Minnesota Arena,2.44,-4.8,6.8,58.12,24.31,0.2,24,2,8,24
2025-02-28,Montreal,CA,MTL_01,PWHL Montreal Arena,-7.84,-11.5,1.1,72.12,13.95,1.1,21,3,20,24
2025-02-28,New York,US,NYC_01,PWHL New York Arena,5.91,1.8,9.6,55.46,11.36,0.0,21,0,0,24
2025-02-28,Ottawa,CA,OTT_01,PWHL Ottawa Arena,-9.65,-14.4,1.0,68.04,15.02,3.1,21,6,23,24
2025-02-28,Toronto,CA,TOR_01,PWHL Toronto Arena,-0.92,-7.6,4.0,80.54,13.78,1.4,21,8,12,24
2025-02-28,Washington,US,WAS_01,PWHL Washington Arena,7.72,3.9,11.3,56.0,14.67,0.0,23,0,0,24
